﻿<?xml version="1.0" encoding="utf-8" standalone="no"?><!DOCTYPE fichier_xml SYSTEM "declaration.dtd"><fichier_xml><declarations><bordereau><TYPE_DECLARATION>TRFT_HDET</TYPE_DECLARATION><SENS_FLUX>2</SENS_FLUX><BANQUE>15</BANQUE><MONNAIE>EUR</MONNAIE><MONTANT_GLOBAL>560939.48</MONTANT_GLOBAL><NBR_ENREGISTREMENT>7</NBR_ENREGISTREMENT><DATE_VALEUR>2021-01-13T00:00:00</DATE_VALEUR><COURS>161.69</COURS><CONTRE_VALEUR>90698977.65</CONTRE_VALEUR></bordereau><formules><OPERATEUR>1</OPERATEUR><CODE_PAYS>724</CODE_PAYS><RUBRIQUE>12</RUBRIQUE><DESIGNATION_PAYS>ESPAGNE</DESIGNATION_PAYS><TARIF_DOUANIER>2200</TARIF_DOUANIER><DESIGNATION_OPERATION>BIENS (VALEURS CF)</DESIGNATION_OPERATION><CODE_OPERATION>032</CODE_OPERATION><NUM_DOMICILIATION>151501202041000041EUR</NUM_DOMICILIATION><DESIGNATION_OPERATEUR>LAEIDE BOISSONS SARL</DESIGNATION_OPERATEUR><CODE_OPERATEUR>002015005122049</CODE_OPERATEUR><DESIGNATION_DOB>PARIS EXPORT ENTREPRISES</DESIGNATION_DOB><REFERENCE_BANQUE>H100</REFERENCE_BANQUE><MONTANT>97722.70</MONTANT><COURS_F>161.69</COURS_F><CONTRE_VALEUR_F>15800900.63</CONTRE_VALEUR_F><FORMULE>104</FORMULE><MODE_REGLEMENT>R01</MODE_REGLEMENT></formules><formules><OPERATEUR>1</OPERATEUR><CODE_PAYS>380</CODE_PAYS><RUBRIQUE>12</RUBRIQUE><DESIGNATION_PAYS>ITALIE</DESIGNATION_PAYS><TARIF_DOUANIER>3900</TARIF_DOUANIER><DESIGNATION_OPERATION>BIENS (VALEURS CF)</DESIGNATION_OPERATION><CODE_OPERATION>032</CODE_OPERATION><NUM_DOMICILIATION>161519202041000285EUR</NUM_DOMICILIATION><DESIGNATION_OPERATEUR>AMENHYD SPA</DESIGNATION_OPERATEUR><CODE_OPERATEUR>000316002146519</CODE_OPERATEUR><DESIGNATION_DOB>OFFICINE MACCFERRI</DESIGNATION_DOB><REFERENCE_BANQUE>H100</REFERENCE_BANQUE><MONTANT>67840.70</MONTANT><COURS_F>161.69</COURS_F><CONTRE_VALEUR_F>10969244.19</CONTRE_VALEUR_F><FORMULE>104</FORMULE><MODE_REGLEMENT>R01</MODE_REGLEMENT></formules><formules><OPERATEUR>1</OPERATEUR><CODE_PAYS>250</CODE_PAYS><RUBRIQUE>12</RUBRIQUE><DESIGNATION_PAYS>FRANCE</DESIGNATION_PAYS><TARIF_DOUANIER>4400</TARIF_DOUANIER><DESIGNATION_OPERATION>BIENS (VALEURS CF)</DESIGNATION_OPERATION><CODE_OPERATION>032</CODE_OPERATION><NUM_DOMICILIATION>161501202041000065EUR</NUM_DOMICILIATION><DESIGNATION_OPERATEUR>RAM WOOD SARL</DESIGNATION_OPERATEUR><CODE_OPERATEUR>000516096929218</CODE_OPERATEUR><DESIGNATION_DOB>JANES WOODINDUSTRIES</DESIGNATION_DOB><REFERENCE_BANQUE>H100</REFERENCE_BANQUE><MONTANT>72938.08</MONTANT><COURS_F>161.69</COURS_F><CONTRE_VALEUR_F>11793445.68</CONTRE_VALEUR_F><FORMULE>104</FORMULE><MODE_REGLEMENT>R01</MODE_REGLEMENT></formules></declarations></fichier_xml>