﻿<?xml version="1.0" encoding="utf-8" ?>
<Properties>
  <PRODUCTION>
    <PRODUCTIONID>A renseigner</PRODUCTIONID>
    <PRODUCTIONNAME>A renseigner</PRODUCTIONNAME>
  </PRODUCTION>
  <PRODUCTION>
    <PRODUCTIONID>True</PRODUCTIONID>
    <PRODUCTIONNAME>Production</PRODUCTIONNAME>
  </PRODUCTION>
  <PRODUCTION>
    <PRODUCTIONID>False</PRODUCTIONID>
    <PRODUCTIONNAME>Revente en l’état</PRODUCTIONNAME>
  </PRODUCTION>
  <PLI>
    <PLIID>NP</PLIID>
    <PLINAME>Non prévu</PLINAME>
  </PLI>
  <PLI>
    <PLIID>CO</PLIID>
    <PLINAME>Courrier express</PLINAME>
  </PLI>
  <PLI>
    <PLIID>CA</PLIID>
    <PLINAME>Cartable</PLINAME>
  </PLI>
  <CFC>
    <CFCID>Z</CFCID>
    <CFCNAME>A renseigner</CFCNAME>
  </CFC>
  <CFC>
    <CFCID>D</CFCID>
    <CFCNAME>Donneur d'ordre</CFCNAME>
  </CFC>
  <CFC>
    <CFCID>B</CFCID>
    <CFCNAME>Bénéficaire</CFCNAME>
  </CFC>
  <ASSC>
    <ASSCID>O</ASSCID>
      <ASSCNAME>Ordonnateur</ASSCNAME>
  </ASSC>
  <OuvrirAuPres>
    <OPID>C</OPID>
    <OPNAME>Du correspondant</OPNAME>
  </OuvrirAuPres>
  <OuvrirAuPres>
    <OPID>F</OPID>
    <OPNAME>De la banque du fournisseur</OPNAME>
  </OuvrirAuPres>
  <!--<ASSC>
    <ASSCID>B</ASSCID>
    <ASSCNAME>Bénéficaire</ASSCNAME>
  </ASSC>-->
  <MODPAIEMENT>
    <MPID>Z</MPID>
    <MPVAL>A renseigner</MPVAL>
  </MODPAIEMENT>
  <MODPAIEMENT>
    <MPID>VUE</MPID>
    <MPVAL>A vue</MPVAL>
  </MODPAIEMENT>
  <MODPAIEMENT>
    <MPID>DIF</MPID>
    <MPVAL>Différé</MPVAL>
  </MODPAIEMENT>
  <MODPAIEMENT>
    <MPID>ACC</MPID>
    <MPVAL>Acceptation de traite</MPVAL>
  </MODPAIEMENT>
  <MODPAIEMENT>
    <MPID>AUTRE</MPID>
    <MPVAL>Autre</MPVAL>
  </MODPAIEMENT>
  <TCV>
    <TCVID>FOB</TCVID>
    <TCVNAME>FOB</TCVNAME>
  </TCV>
  <TCV>
    <TCVID>CFR</TCVID>
    <TCVNAME>CFR</TCVNAME>
  </TCV>
  <TCV>
    <TCVID>FCA</TCVID>
    <TCVNAME>FCA</TCVNAME>
  </TCV>
  <TCV>
    <TCVID>CPT</TCVID>
    <TCVNAME>CPT</TCVNAME>
  </TCV>
  <TCV>
    <TCVID>AUTRE</TCVID>
    <TCVNAME>AUTRE</TCVNAME>
  </TCV>
  <VARM>
    <VARMID>Z</VARMID>
    <VARMNAME>Non renseignée</VARMNAME>
  </VARM>
  <VARM>
    <VARMID>Maximum</VARMID>
    <VARMNAME>Maximum</VARMNAME>
  </VARM>
  <VARM>
    <VARMID>Environ</VARMID>
    <VARMNAME>Environ</VARMNAME>
  </VARM>
  <!--<DEVISE>
    <CODE>208</CODE>
    <REF>DZD</REF>
  </DEVISE>-->
  <DEVISE>
    <CODE>999</CODE>
    <REF>EUR</REF>
  </DEVISE>
  <DEVISE>
    <CODE>400</CODE>
    <REF>USD</REF>
  </DEVISE>
  <DEVISE>
    <CODE>006</CODE>
    <REF>GBP</REF>
  </DEVISE>
  <DEVISE>
    <CODE>065</CODE>
    <REF>JPY</REF>
  </DEVISE>
  <DEVISE>
    <CODE>039</CODE>
    <REF>CHF</REF>
  </DEVISE>
  <DEVISE>
    <CODE>404</CODE>
    <REF>CAD</REF>
  </DEVISE>
  <DEVISE>
    <CODE>204</CODE>
    <REF>MAD</REF>
  </DEVISE>
  <DEVISE>
    <CODE>212</CODE>
    <REF>TND</REF>
  </DEVISE>
  <!--<DEVISE>
    <CODE>008</CODE>
    <REF>DKK</REF>
  </DEVISE>-->
  <DEVISE>
    <CODE>030</CODE>
    <REF>SEK</REF>
  </DEVISE>
  <!--<DEVISE>
    <CODE>028</CODE>
    <REF>NOK</REF>
  </DEVISE>
  <DEVISE>
    <CODE>648</CODE>
    <REF>AED</REF>
  </DEVISE>
  <DEVISE>
    <CODE>632</CODE>
    <REF>SAR</REF>
  </DEVISE>-->
  <DEVISE>
    <CODE>636</CODE>
    <REF>KWD</REF>
  </DEVISE>
</Properties>
