"applicationId"|"Designation"|"Enabled"|"SystemId"|"owner"|"description"
1|WF- REMDOC|1|1||
2|WF- PPO|1|1||
3|WF- TRF|1|1||
4|WF- PPI|1|1||
5|WF- OSCOM2|1|1||
6|WF Juridique|1|1||
7|WF- CREDOC|1|1||
8|WF- Réclamation|1|1||
9|WF - Appach|1|1|Achats|Help.desk
10|WF - Octroi Credit|1|1||
11|WF- Salle des Marchés|1|1||
12|SG4U|1|1|Ressource Humaine|""
13|Ampltude Bank Archives|1|1|Production|Help.desk
14|Delta Achat |1|1|Achats|Help.desk
15|Delta Contentieux |1|1|Risques|Help.desk
16|Delta Paie |1|1|Ressource Humaine|
17|Delta Immo |1|1|Comptabilité Aux.|Help.desk
18|Rapport d’activité|1|1||
19|Sciforma|1|1|SIOP|SIOP
20|Risque opérationnel|1|1||
21|DCCIT|1|1||
22|SIRON AML|1|1|Conformité|
23|Select Système |1|1||
24|GPS |1|1||
25|Amplitude Bank|1|1|Production|Help.desk
26|Helpdesk SOPRA|1|1|SIOP|SOPRA
27|JIRA Evolution |1|1|SIOP|SIOP
28|Kondor+|1|1||
29|IBOS|1|1||
30|Megara|1|1||
31|Please|1|1|Leasing|
32|Sourcing Hub|1|1|Achats|
33|KART|1|1|Audit|
34|DATT |1|1||
35|MAP |1|1||
36|Horizon |1|1||
37|ARCHIVES |1|1||
38|AURA |1|1||
39|Iplanning|1|1||
40|Lloyds|1|1|Conformité|Groupe
41|Forces On Line|1|1|Conformité|Groupe
42|Factiva|1|1|Conformité|Groupe
43|World Check|1|1|Conformité|Groupe
44|Vizir|1|1|Conformité|Groupe
45|AIC|1|1|Corporate|
46|Caratnos|1|1|Corporate|
47|OSC|1|1|Corporate|
48|Prelevement CCP|1|1|Corporate|
49|Tassili|1|1|Corporate|
50|Portal SATIM|1|1|Corporate|
51|Demande de chequier|1|1|Corporate|
52|Stars|1|1|Corporate|
53|Tekline|1|1|Corporate|
54|Virexpress|1|1|Corporate|
55|UAP|1|1|Corporate|
56|Scellement Image|1|1|Corporate|
57|Voyageur WU|1|1|Corporate|
58|Arts|1|1|Corporate|
59|"2MTRI"|1|1|Corporate|
60|Centrale des imapyés|1|1|Corporate|
61|VROL monetique visa|1|1|Corporate|
62|Application MT999|1|1|Corporate|
63|E side|1|1|Corporate|
64|Tomtara|1|1|Corporate|
65|KYC Registry - swift|1|1|Corporate|
66|E-Difi|1|1|Corporate|
67|SharePoint|1|1|Corporate|
68|ROCs|1|1|Corporate|
69|Comptes sans signatures scannés|1|1|Corporate|
70|RCT|1|1|Corporate|Groupe
71|Cognos|1|1|Corporate|Groupe
72|RBO|1|1|Corporate|Groupe
73|PILOP|1|1|Corporate|
74|SDC|1|1|Corporate|
75|Crem BA|1|1|Corporate|
76|Starweb|1|1|Corporate|
77|Teradata|1|1|Marketing|Groupe
78|Citrix|1|1|Marketing|Groupe
79|Scellement Image|1|1||
80|Portail SATIM|1|1||
81|EVAL|1|1||
82|JOB|1|1|Ressource Humaine|Groupe
83|My Learning|1|1|Ressource Humaine|
84|Mirilla|1|1|Ressource Humaine|
85|Talent|1|1|Ressource Humaine|
86|Portal |1|1|Dir. Com.|
87|FRALE|1|1||
88|Merci|1|1||
89|Watchlist|1|1||
90|Caflight|1|1||
91|PWC|1|1||
92|CP2|1|1||
94|test|1|1||zezae
