﻿<?xml version="1.0" encoding="utf-8"?>
<DGEParser>
  <HeadColumnWidths>
    <ColumnWidth Type="A" Tag="21R" TagIndex="1">4</ColumnWidth>
    <ColumnWidth Type="N">3</ColumnWidth>
    <ColumnWidth Type="N" Tag="20" TagIndex="1">3</ColumnWidth>
    <ColumnWidth Type="N" Tag="32B" TagIndex="1">1</ColumnWidth>
    <ColumnWidth Type="N">1</ColumnWidth>
    <ColumnWidth Type="N" Tag="50H" TagIndex="1">20</ColumnWidth>
    <ColumnWidth Type="B">4</ColumnWidth>
    <ColumnWidth Type="ANE" Tag="50H" TagIndex="2">50</ColumnWidth>
    <ColumnWidth Type="ANE">70</ColumnWidth>
    <ColumnWidth Type="D" Tag="21R" TagIndex="2">8</ColumnWidth>
    <ColumnWidth Type="N" Tag="20" TagIndex="2">3</ColumnWidth>
    <ColumnWidth Type="N">6</ColumnWidth>
    <ColumnWidth Type="N">16</ColumnWidth>
    <ColumnWidth Type="B">31</ColumnWidth>
  </HeadColumnWidths>

  <BodyColumnWidths>
    <ColumnWidth Type="N">6</ColumnWidth>
    <ColumnWidth Type="N">2</ColumnWidth>
    <ColumnWidth Type="N">2</ColumnWidth>
    <ColumnWidth Type="N">1</ColumnWidth>
    <ColumnWidth Type="N" Tag="59" TagIndex="1">20</ColumnWidth>
    <ColumnWidth Type="B">4</ColumnWidth>
    <ColumnWidth Type="ANE" Tag="59" TagIndex="2">50</ColumnWidth>
    <ColumnWidth Type="ANE">70</ColumnWidth>
    <ColumnWidth Type="AN" Tag="32B" TagIndex="2">15</ColumnWidth>
    <ColumnWidth Type="ANE" Tag="70">70</ColumnWidth>
    <ColumnWidth Type="B">80</ColumnWidth>
  </BodyColumnWidths>

  <FooterColumnWidths>
    <ColumnWidth Type="A">4</ColumnWidth>
    <ColumnWidth Type="B">96</ColumnWidth>
  </FooterColumnWidths>

  <TrimWhiteSpace>False</TrimWhiteSpace>
  <UseFooter>True</UseFooter>
  <HeaderKey>VIRM</HeaderKey>
  <FooterKey>FVIR</FooterKey>
  
  <TextFieldType>FixedWidth</TextFieldType>
  <BicEmetteur Tag="52A">SOGEDZA0</BicEmetteur>
  <BicRecepteur Tag="57A">TRSRDZA0</BicRecepteur>
  <Tag23E Tag="23E">TELP</Tag23E>
  
  
</DGEParser>